Description,Scientific Name,Max Score,Total Score,Query Cover,E value,Per. ident,Acc. Len,Accession  
"Yersinia pestis strain 86025 plasmid pMT1, complete sequence",Yersinia pestis,688,688,99%,0.0,99.21,96210,"=HYPERLINK(""https://www.ncbi.nlm.nih.gov/nucleotide/CP177713.1?report=genbank&log$=nucltop&blast_rank=1&RID=UMA7MZPH016"",""CP177713.1"")"
"Yersinia pestis strain 680169 plasmid pMT1, complete sequence",Yersinia pestis,688,688,99%,0.0,99.21,94251,"=HYPERLINK(""https://www.ncbi.nlm.nih.gov/nucleotide/CP177500.1?report=genbank&log$=nucltop&blast_rank=2&RID=UMA7MZPH016"",""CP177500.1"")"
"Yersinia pestis strain 56008 plasmid pMT1, complete sequence",Yersinia pestis,688,688,100%,0.0,98.96,101723,"=HYPERLINK(""https://www.ncbi.nlm.nih.gov/nucleotide/CP177607.1?report=genbank&log$=nucltop&blast_rank=3&RID=UMA7MZPH016"",""CP177607.1"")"
"Yersinia pestis strain 34011 plasmid pMT1, complete sequence",Yersinia pestis,688,688,99%,0.0,99.21,100918,"=HYPERLINK(""https://www.ncbi.nlm.nih.gov/nucleotide/CP177680.1?report=genbank&log$=nucltop&blast_rank=4&RID=UMA7MZPH016"",""CP177680.1"")"
"Yersinia pestis strain 52005 plasmid pMT1, complete sequence",Yersinia pestis,688,688,100%,0.0,98.96,101694,"=HYPERLINK(""https://www.ncbi.nlm.nih.gov/nucleotide/CP177999.1?report=genbank&log$=nucltop&blast_rank=5&RID=UMA7MZPH016"",""CP177999.1"")"
"Yersinia pestis strain 74008 plasmid pMT1, complete sequence",Yersinia pestis,688,688,100%,0.0,98.96,100935,"=HYPERLINK(""https://www.ncbi.nlm.nih.gov/nucleotide/CP177470.1?report=genbank&log$=nucltop&blast_rank=6&RID=UMA7MZPH016"",""CP177470.1"")"
"Yersinia pestis strain 46507 plasmid pMT1, complete sequence",Yersinia pestis,688,688,99%,0.0,99.21,96206,"=HYPERLINK(""https://www.ncbi.nlm.nih.gov/nucleotide/CP177557.1?report=genbank&log$=nucltop&blast_rank=7&RID=UMA7MZPH016"",""CP177557.1"")"
"Yersinia pestis strain 6/69 plasmid pMT1, complete sequence",Yersinia pestis,688,688,99%,0.0,99.21,96210,"=HYPERLINK(""https://www.ncbi.nlm.nih.gov/nucleotide/CP166967.1?report=genbank&log$=nucltop&blast_rank=8&RID=UMA7MZPH016"",""CP166967.1"")"
"Yersinia pestis strain 15002 plasmid pMT1, complete sequence",Yersinia pestis,688,688,99%,0.0,99.21,96210,"=HYPERLINK(""https://www.ncbi.nlm.nih.gov/nucleotide/CP177523.1?report=genbank&log$=nucltop&blast_rank=9&RID=UMA7MZPH016"",""CP177523.1"")"
"Yersinia pestis strain 8 plasmid pFra, complete sequence",Yersinia pestis,688,688,99%,0.0,99.21,100908,"=HYPERLINK(""https://www.ncbi.nlm.nih.gov/nucleotide/CP151620.1?report=genbank&log$=nucltop&blast_rank=10&RID=UMA7MZPH016"",""CP151620.1"")"
"Yersinia pestis strain 19104 plasmid pMT1, complete sequence",Yersinia pestis,688,688,99%,0.0,99.21,77488,"=HYPERLINK(""https://www.ncbi.nlm.nih.gov/nucleotide/CP177783.1?report=genbank&log$=nucltop&blast_rank=11&RID=UMA7MZPH016"",""CP177783.1"")"
"Yersinia pestis strain 80075 plasmid pMT1, complete sequence",Yersinia pestis,688,688,100%,0.0,98.96,96008,"=HYPERLINK(""https://www.ncbi.nlm.nih.gov/nucleotide/CP177473.1?report=genbank&log$=nucltop&blast_rank=12&RID=UMA7MZPH016"",""CP177473.1"")"
"Yersinia pestis strain 41011 plasmid pMT1, complete sequence",Yersinia pestis,688,688,99%,0.0,99.21,102195,"=HYPERLINK(""https://www.ncbi.nlm.nih.gov/nucleotide/CP177405.1?report=genbank&log$=nucltop&blast_rank=13&RID=UMA7MZPH016"",""CP177405.1"")"
"Yersinia pestis strain 100963 plasmid pMT1, complete sequence",Yersinia pestis,688,688,99%,0.0,99.21,77488,"=HYPERLINK(""https://www.ncbi.nlm.nih.gov/nucleotide/CP177767.1?report=genbank&log$=nucltop&blast_rank=14&RID=UMA7MZPH016"",""CP177767.1"")"
"Yersinia pestis strain 55014 plasmid pMT1, complete sequence",Yersinia pestis,688,688,99%,0.0,99.21,101698,"=HYPERLINK(""https://www.ncbi.nlm.nih.gov/nucleotide/CP177920.1?report=genbank&log$=nucltop&blast_rank=15&RID=UMA7MZPH016"",""CP177920.1"")"
"Yersinia pestis strain 91032 plasmid pMT1, complete sequence",Yersinia pestis,688,688,99%,0.0,99.21,106644,"=HYPERLINK(""https://www.ncbi.nlm.nih.gov/nucleotide/CP177387.1?report=genbank&log$=nucltop&blast_rank=16&RID=UMA7MZPH016"",""CP177387.1"")"
"Yersinia pestis strain 96005 plasmid pMT1, complete sequence",Yersinia pestis,688,688,100%,0.0,98.96,102408,"=HYPERLINK(""https://www.ncbi.nlm.nih.gov/nucleotide/CP177936.1?report=genbank&log$=nucltop&blast_rank=17&RID=UMA7MZPH016"",""CP177936.1"")"
"Yersinia pestis strain CMCC92010 plasmid pMT1, complete sequence",Yersinia pestis,688,688,99%,0.0,99.21,99290,"=HYPERLINK(""https://www.ncbi.nlm.nih.gov/nucleotide/CP178011.1?report=genbank&log$=nucltop&blast_rank=18&RID=UMA7MZPH016"",""CP178011.1"")"
"Yersinia pestis strain 60007 plasmid pMT1, complete sequence",Yersinia pestis,688,688,100%,0.0,98.96,101698,"=HYPERLINK(""https://www.ncbi.nlm.nih.gov/nucleotide/CP177933.1?report=genbank&log$=nucltop&blast_rank=19&RID=UMA7MZPH016"",""CP177933.1"")"
"Yersinia pestis strain F020032 plasmid pMT1, complete sequence",Yersinia pestis,688,688,100%,0.0,98.96,100990,"=HYPERLINK(""https://www.ncbi.nlm.nih.gov/nucleotide/CP178095.1?report=genbank&log$=nucltop&blast_rank=20&RID=UMA7MZPH016"",""CP178095.1"")"
"Yersinia pestis strain 6/69_pPCP1- plasmid pMT1, complete sequence",Yersinia pestis,688,688,99%,0.0,99.21,96210,"=HYPERLINK(""https://www.ncbi.nlm.nih.gov/nucleotide/CP166964.1?report=genbank&log$=nucltop&blast_rank=21&RID=UMA7MZPH016"",""CP166964.1"")"
"Yersinia pestis strain 71037 plasmid pMT1, complete sequence",Yersinia pestis,688,688,99%,0.0,99.21,100984,"=HYPERLINK(""https://www.ncbi.nlm.nih.gov/nucleotide/CP178054.1?report=genbank&log$=nucltop&blast_rank=22&RID=UMA7MZPH016"",""CP178054.1"")"
"Yersinia pestis strain 44040 plasmid pMT1, complete sequence",Yersinia pestis,688,688,99%,0.0,99.21,99017,"=HYPERLINK(""https://www.ncbi.nlm.nih.gov/nucleotide/CP177442.1?report=genbank&log$=nucltop&blast_rank=23&RID=UMA7MZPH016"",""CP177442.1"")"
"Yersinia pestis strain 372009 plasmid pMT1, complete sequence",Yersinia pestis,688,688,100%,0.0,98.96,100918,"=HYPERLINK(""https://www.ncbi.nlm.nih.gov/nucleotide/CP177637.1?report=genbank&log$=nucltop&blast_rank=24&RID=UMA7MZPH016"",""CP177637.1"")"
"Yersinia pestis strain 195/P plasmid pMT1, complete sequence",Yersinia pestis,688,688,99%,0.0,99.21,96196,"=HYPERLINK(""https://www.ncbi.nlm.nih.gov/nucleotide/CP019709.1?report=genbank&log$=nucltop&blast_rank=25&RID=UMA7MZPH016"",""CP019709.1"")"
"Yersinia pestis strain KIM5 plasmid pMT, complete sequence",Yersinia pestis,688,688,100%,0.0,98.96,100990,"=HYPERLINK(""https://www.ncbi.nlm.nih.gov/nucleotide/CP009834.1?report=genbank&log$=nucltop&blast_rank=26&RID=UMA7MZPH016"",""CP009834.1"")"
"Yersinia pestis strain 197_15 plasmid pFra, complete sequence",Yersinia pestis,688,688,99%,0.0,99.21,100915,"=HYPERLINK(""https://www.ncbi.nlm.nih.gov/nucleotide/CP151624.1?report=genbank&log$=nucltop&blast_rank=27&RID=UMA7MZPH016"",""CP151624.1"")"
"Yersinia pestis strain KIM6+ plasmid pMT, complete sequence",Yersinia pestis,688,688,99%,0.0,99.21,95328,"=HYPERLINK(""https://www.ncbi.nlm.nih.gov/nucleotide/CP162312.1?report=genbank&log$=nucltop&blast_rank=28&RID=UMA7MZPH016"",""CP162312.1"")"
"Yersinia pestis strain Cadman plasmid pMT1, complete sequence",Yersinia pestis,688,688,100%,0.0,98.96,96210,"=HYPERLINK(""https://www.ncbi.nlm.nih.gov/nucleotide/CP016275.1?report=genbank&log$=nucltop&blast_rank=29&RID=UMA7MZPH016"",""CP016275.1"")"
"Yersinia pestis strain 49007 plasmid pMT1, complete sequence",Yersinia pestis,688,688,99%,0.0,99.21,103631,"=HYPERLINK(""https://www.ncbi.nlm.nih.gov/nucleotide/CP177453.1?report=genbank&log$=nucltop&blast_rank=30&RID=UMA7MZPH016"",""CP177453.1"")"
"Yersinia pestis strain O010025 plasmid pMT1, complete sequence",Yersinia pestis,688,688,99%,0.0,99.21,96210,"=HYPERLINK(""https://www.ncbi.nlm.nih.gov/nucleotide/CP177693.1?report=genbank&log$=nucltop&blast_rank=31&RID=UMA7MZPH016"",""CP177693.1"")"
"Yersinia pestis strain J340003 plasmid pMT1, complete sequence",Yersinia pestis,688,688,100%,0.0,98.96,100918,"=HYPERLINK(""https://www.ncbi.nlm.nih.gov/nucleotide/CP177630.1?report=genbank&log$=nucltop&blast_rank=32&RID=UMA7MZPH016"",""CP177630.1"")"
"Yersinia pestis Angola plasmid pMT, complete sequence",Yersinia pestis Angola,688,688,100%,0.0,98.96,95352,"=HYPERLINK(""https://www.ncbi.nlm.nih.gov/nucleotide/CP009934.1?report=genbank&log$=nucltop&blast_rank=33&RID=UMA7MZPH016"",""CP009934.1"")"
"Yersinia pestis strain 81005 plasmid pMT1, complete sequence",Yersinia pestis,688,688,99%,0.0,99.21,96210,"=HYPERLINK(""https://www.ncbi.nlm.nih.gov/nucleotide/CP177737.1?report=genbank&log$=nucltop&blast_rank=34&RID=UMA7MZPH016"",""CP177737.1"")"
"Yersinia pestis strain O010017 plasmid pMT1, complete sequence",Yersinia pestis,688,688,99%,0.0,99.21,96210,"=HYPERLINK(""https://www.ncbi.nlm.nih.gov/nucleotide/CP177696.1?report=genbank&log$=nucltop&blast_rank=35&RID=UMA7MZPH016"",""CP177696.1"")"
"Yersinia pestis strain 86010 plasmid pMT1, complete sequence",Yersinia pestis,688,688,99%,0.0,99.21,96210,"=HYPERLINK(""https://www.ncbi.nlm.nih.gov/nucleotide/CP177715.1?report=genbank&log$=nucltop&blast_rank=36&RID=UMA7MZPH016"",""CP177715.1"")"
"Yersinia pestis strain 19039 plasmid pMT1, complete sequence",Yersinia pestis,688,688,99%,0.0,99.21,77483,"=HYPERLINK(""https://www.ncbi.nlm.nih.gov/nucleotide/CP177789.1?report=genbank&log$=nucltop&blast_rank=37&RID=UMA7MZPH016"",""CP177789.1"")"
"Yersinia pestis KIM10+ plasmid pMT-1, complete sequence",Yersinia pestis KIM10+,688,688,100%,0.0,98.96,100990,"=HYPERLINK(""https://www.ncbi.nlm.nih.gov/nucleotide/AF074611.1?report=genbank&log$=nucltop&blast_rank=38&RID=UMA7MZPH016"",""AF074611.1"")"
"Yersinia pestis strain 9 plasmid pMT1, complete sequence",Yersinia pestis,688,688,99%,0.0,99.21,107426,"=HYPERLINK(""https://www.ncbi.nlm.nih.gov/nucleotide/CP178034.1?report=genbank&log$=nucltop&blast_rank=39&RID=UMA7MZPH016"",""CP178034.1"")"
"Yersinia pestis strain 19042 plasmid pMT1, complete sequence",Yersinia pestis,688,688,99%,0.0,99.21,100984,"=HYPERLINK(""https://www.ncbi.nlm.nih.gov/nucleotide/CP178048.1?report=genbank&log$=nucltop&blast_rank=40&RID=UMA7MZPH016"",""CP178048.1"")"
"Yersinia pestis strain 19098 plasmid pMT1, complete sequence",Yersinia pestis,688,688,100%,0.0,98.96,100647,"=HYPERLINK(""https://www.ncbi.nlm.nih.gov/nucleotide/CP178044.1?report=genbank&log$=nucltop&blast_rank=41&RID=UMA7MZPH016"",""CP178044.1"")"
"Yersinia pestis strain 45120 plasmid pMT1, complete sequence",Yersinia pestis,688,688,99%,0.0,99.21,100985,"=HYPERLINK(""https://www.ncbi.nlm.nih.gov/nucleotide/CP177429.1?report=genbank&log$=nucltop&blast_rank=42&RID=UMA7MZPH016"",""CP177429.1"")"
"Yersinia pestis strain J390001 plasmid pMT1, complete sequence",Yersinia pestis,688,688,100%,0.0,98.96,96210,"=HYPERLINK(""https://www.ncbi.nlm.nih.gov/nucleotide/CP177775.1?report=genbank&log$=nucltop&blast_rank=43&RID=UMA7MZPH016"",""CP177775.1"")"
"Yersinia pestis strain 770432 plasmid pMT1, complete sequence",Yersinia pestis,688,688,100%,0.0,98.96,101255,"=HYPERLINK(""https://www.ncbi.nlm.nih.gov/nucleotide/CP178077.1?report=genbank&log$=nucltop&blast_rank=44&RID=UMA7MZPH016"",""CP178077.1"")"
"Yersinia pestis 790 plasmid pMT, complete sequence",Yersinia pestis 790,688,688,100%,0.0,98.96,142771,"=HYPERLINK(""https://www.ncbi.nlm.nih.gov/nucleotide/CP006807.1?report=genbank&log$=nucltop&blast_rank=45&RID=UMA7MZPH016"",""CP006807.1"")"
"Yersinia pestis strain 50010 plasmid pMT1, complete sequence",Yersinia pestis,688,688,99%,0.0,99.21,101698,"=HYPERLINK(""https://www.ncbi.nlm.nih.gov/nucleotide/CP177943.1?report=genbank&log$=nucltop&blast_rank=46&RID=UMA7MZPH016"",""CP177943.1"")"
"Yersinia pestis strain 2 plasmid pMT1, complete sequence",Yersinia pestis,688,688,99%,0.0,99.21,100925,"=HYPERLINK(""https://www.ncbi.nlm.nih.gov/nucleotide/CP178014.1?report=genbank&log$=nucltop&blast_rank=47&RID=UMA7MZPH016"",""CP178014.1"")"
"Yersinia pestis strain FDAARGOS_602 plasmid unnamed1, complete sequence",Yersinia pestis,688,688,99%,0.0,99.21,106990,"=HYPERLINK(""https://www.ncbi.nlm.nih.gov/nucleotide/CP033694.1?report=genbank&log$=nucltop&blast_rank=48&RID=UMA7MZPH016"",""CP033694.1"")"
"Yersinia pestis strain 2330 plasmid pMT1, complete sequence",Yersinia pestis,688,688,99%,0.0,99.21,100984,"=HYPERLINK(""https://www.ncbi.nlm.nih.gov/nucleotide/CP178038.1?report=genbank&log$=nucltop&blast_rank=49&RID=UMA7MZPH016"",""CP178038.1"")"
"Yersinia pestis strain SCPM-O-B-6291 (C-25) plasmid pMT, complete sequence",Yersinia pestis,688,688,99%,0.0,99.21,100989,"=HYPERLINK(""https://www.ncbi.nlm.nih.gov/nucleotide/CP045164.1?report=genbank&log$=nucltop&blast_rank=50&RID=UMA7MZPH016"",""CP045164.1"")"
"Yersinia pestis strain 02043 plasmid pMT1, complete sequence",Yersinia pestis,688,688,99%,0.0,99.21,94251,"=HYPERLINK(""https://www.ncbi.nlm.nih.gov/nucleotide/CP177559.1?report=genbank&log$=nucltop&blast_rank=51&RID=UMA7MZPH016"",""CP177559.1"")"
"Yersinia pestis 2944 plasmid pMT, complete sequence",Yersinia pestis 2944,688,688,100%,0.0,98.96,100984,"=HYPERLINK(""https://www.ncbi.nlm.nih.gov/nucleotide/CP006790.1?report=genbank&log$=nucltop&blast_rank=52&RID=UMA7MZPH016"",""CP006790.1"")"
"Yersinia pestis strain 13001 plasmid pMT1, complete sequence",Yersinia pestis,688,688,99%,0.0,99.21,104458,"=HYPERLINK(""https://www.ncbi.nlm.nih.gov/nucleotide/CP177402.1?report=genbank&log$=nucltop&blast_rank=53&RID=UMA7MZPH016"",""CP177402.1"")"
"Yersinia pestis strain S19960127 plasmid pMT1, complete sequence",Yersinia pestis,688,688,100%,0.0,98.96,100916,"=HYPERLINK(""https://www.ncbi.nlm.nih.gov/nucleotide/CP045637.1?report=genbank&log$=nucltop&blast_rank=54&RID=UMA7MZPH016"",""CP045637.1"")"
"Yersinia pestis 8787 plasmid pMT1, complete sequence",Yersinia pestis 8787,688,688,99%,0.0,99.21,137017,"=HYPERLINK(""https://www.ncbi.nlm.nih.gov/nucleotide/CP006746.1?report=genbank&log$=nucltop&blast_rank=55&RID=UMA7MZPH016"",""CP006746.1"")"
"Yersinia pestis strain J260006 plasmid pMT1, complete sequence",Yersinia pestis,688,688,100%,0.0,98.96,100915,"=HYPERLINK(""https://www.ncbi.nlm.nih.gov/nucleotide/CP177670.1?report=genbank&log$=nucltop&blast_rank=56&RID=UMA7MZPH016"",""CP177670.1"")"
"Yersinia pestis CO92 plasmid, complete sequence",Yersinia pestis CO92,688,688,100%,0.0,98.96,96210,"=HYPERLINK(""https://www.ncbi.nlm.nih.gov/nucleotide/CP009971.1?report=genbank&log$=nucltop&blast_rank=57&RID=UMA7MZPH016"",""CP009971.1"")"
"Yersinia pestis strain KIM5 plasmid pMT1, complete sequence",Yersinia pestis,688,688,99%,0.0,99.21,100984,"=HYPERLINK(""https://www.ncbi.nlm.nih.gov/nucleotide/AF053947.1?report=genbank&log$=nucltop&blast_rank=58&RID=UMA7MZPH016"",""AF053947.1"")"
"Yersinia pestis strain 140020 plasmid pMT1, complete sequence",Yersinia pestis,688,688,100%,0.0,98.96,100989,"=HYPERLINK(""https://www.ncbi.nlm.nih.gov/nucleotide/CP177817.1?report=genbank&log$=nucltop&blast_rank=59&RID=UMA7MZPH016"",""CP177817.1"")"
"Yersinia pestis strain 55019 plasmid pMT1, complete sequence",Yersinia pestis,688,688,100%,0.0,98.96,99290,"=HYPERLINK(""https://www.ncbi.nlm.nih.gov/nucleotide/CP177915.1?report=genbank&log$=nucltop&blast_rank=60&RID=UMA7MZPH016"",""CP177915.1"")"
"Yersinia pestis strain 166 plasmid pMT1, complete sequence",Yersinia pestis,688,688,99%,0.0,99.21,100915,"=HYPERLINK(""https://www.ncbi.nlm.nih.gov/nucleotide/CP196690.1?report=genbank&log$=nucltop&blast_rank=61&RID=UMA7MZPH016"",""CP196690.1"")"
"Yersinia pestis strain 08023 plasmid pMT1, complete sequence",Yersinia pestis,688,688,99%,0.0,99.21,77488,"=HYPERLINK(""https://www.ncbi.nlm.nih.gov/nucleotide/CP177772.1?report=genbank&log$=nucltop&blast_rank=62&RID=UMA7MZPH016"",""CP177772.1"")"
"Yersinia pestis strain 93012 plasmid pMT1, complete sequence",Yersinia pestis,688,688,100%,0.0,98.96,106644,"=HYPERLINK(""https://www.ncbi.nlm.nih.gov/nucleotide/CP177365.1?report=genbank&log$=nucltop&blast_rank=63&RID=UMA7MZPH016"",""CP177365.1"")"
"Yersinia pestis strain J180019 plasmid pMT1, complete sequence",Yersinia pestis,688,688,100%,0.0,98.96,100940,"=HYPERLINK(""https://www.ncbi.nlm.nih.gov/nucleotide/CP177658.1?report=genbank&log$=nucltop&blast_rank=64&RID=UMA7MZPH016"",""CP177658.1"")"
"Yersinia pestis strain 19022 plasmid pMT1, complete sequence",Yersinia pestis,688,688,100%,0.0,98.96,100984,"=HYPERLINK(""https://www.ncbi.nlm.nih.gov/nucleotide/CP178072.1?report=genbank&log$=nucltop&blast_rank=65&RID=UMA7MZPH016"",""CP178072.1"")"
"Yersinia pestis strain 7 plasmid pMT1, complete sequence",Yersinia pestis,688,688,99%,0.0,99.21,100647,"=HYPERLINK(""https://www.ncbi.nlm.nih.gov/nucleotide/CP177475.1?report=genbank&log$=nucltop&blast_rank=66&RID=UMA7MZPH016"",""CP177475.1"")"
"Yersinia pestis strain 94 plasmid unnamed1, complete sequence",Yersinia pestis,688,688,100%,0.0,98.96,100977,"=HYPERLINK(""https://www.ncbi.nlm.nih.gov/nucleotide/CP084340.1?report=genbank&log$=nucltop&blast_rank=67&RID=UMA7MZPH016"",""CP084340.1"")"
"Yersinia pestis strain 99063 plasmid pMT1, complete sequence",Yersinia pestis,688,688,99%,0.0,99.21,102948,"=HYPERLINK(""https://www.ncbi.nlm.nih.gov/nucleotide/CP177854.1?report=genbank&log$=nucltop&blast_rank=68&RID=UMA7MZPH016"",""CP177854.1"")"
"Yersinia pestis strain 84003 plasmid pMT1, complete sequence",Yersinia pestis,688,688,99%,0.0,99.21,96755,"=HYPERLINK(""https://www.ncbi.nlm.nih.gov/nucleotide/CP177764.1?report=genbank&log$=nucltop&blast_rank=69&RID=UMA7MZPH016"",""CP177764.1"")"
"Yersinia pestis strain CMCC640047 plasmid pMT1, complete sequence",Yersinia pestis,688,688,99%,0.0,99.21,96224,"=HYPERLINK(""https://www.ncbi.nlm.nih.gov/nucleotide/CP178026.1?report=genbank&log$=nucltop&blast_rank=70&RID=UMA7MZPH016"",""CP178026.1"")"
"Yersinia pestis D182038 plasmid pMT1, complete sequence",Yersinia pestis D182038,688,688,99%,0.0,99.21,96046,"=HYPERLINK(""https://www.ncbi.nlm.nih.gov/nucleotide/CP001591.1?report=genbank&log$=nucltop&blast_rank=71&RID=UMA7MZPH016"",""CP001591.1"")"
"Yersinia pestis strain 52013 plasmid pMT1, complete sequence",Yersinia pestis,688,688,99%,0.0,99.21,94251,"=HYPERLINK(""https://www.ncbi.nlm.nih.gov/nucleotide/CP177540.1?report=genbank&log$=nucltop&blast_rank=72&RID=UMA7MZPH016"",""CP177540.1"")"
"Yersinia pestis strain SCPM-O-B-5942 (I-2638) plasmid pMT, complete sequence",Yersinia pestis,688,688,99%,0.0,99.21,100984,"=HYPERLINK(""https://www.ncbi.nlm.nih.gov/nucleotide/CP045259.1?report=genbank&log$=nucltop&blast_rank=73&RID=UMA7MZPH016"",""CP045259.1"")"
"Yersinia pestis strain 18012 plasmid pMT1, complete sequence",Yersinia pestis,688,688,100%,0.0,98.96,106663,"=HYPERLINK(""https://www.ncbi.nlm.nih.gov/nucleotide/CP177583.1?report=genbank&log$=nucltop&blast_rank=74&RID=UMA7MZPH016"",""CP177583.1"")"
"Yersinia pestis strain CMCC114001 plasmid pMT1, complete sequence",Yersinia pestis,688,688,99%,0.0,99.21,96249,"=HYPERLINK(""https://www.ncbi.nlm.nih.gov/nucleotide/CP178022.1?report=genbank&log$=nucltop&blast_rank=75&RID=UMA7MZPH016"",""CP178022.1"")"
"Yersinia pestis strain 80044 plasmid pMT1, complete sequence",Yersinia pestis,688,688,99%,0.0,99.21,96210,"=HYPERLINK(""https://www.ncbi.nlm.nih.gov/nucleotide/CP177724.1?report=genbank&log$=nucltop&blast_rank=76&RID=UMA7MZPH016"",""CP177724.1"")"
"Yersinia pestis 1413 plasmid pMT, complete sequence",Yersinia pestis 1413,688,688,99%,0.0,99.21,137017,"=HYPERLINK(""https://www.ncbi.nlm.nih.gov/nucleotide/CP006760.1?report=genbank&log$=nucltop&blast_rank=77&RID=UMA7MZPH016"",""CP006760.1"")"
"Yersinia pestis 1522 plasmid pMT, complete sequence",Yersinia pestis 1522,688,688,100%,0.0,98.96,137012,"=HYPERLINK(""https://www.ncbi.nlm.nih.gov/nucleotide/CP006756.1?report=genbank&log$=nucltop&blast_rank=78&RID=UMA7MZPH016"",""CP006756.1"")"
"Yersinia pestis strain 720330 plasmid pMT1, complete sequence",Yersinia pestis,688,688,100%,0.0,98.96,100984,"=HYPERLINK(""https://www.ncbi.nlm.nih.gov/nucleotide/CP178087.1?report=genbank&log$=nucltop&blast_rank=79&RID=UMA7MZPH016"",""CP178087.1"")"
"Yersinia pestis strain 91003 plasmid pMT1, complete sequence",Yersinia pestis,688,688,100%,0.0,98.96,106644,"=HYPERLINK(""https://www.ncbi.nlm.nih.gov/nucleotide/CP177381.1?report=genbank&log$=nucltop&blast_rank=80&RID=UMA7MZPH016"",""CP177381.1"")"
"Yersinia pestis strain 50008 plasmid pMT1, complete sequence",Yersinia pestis,688,688,100%,0.0,98.96,101698,"=HYPERLINK(""https://www.ncbi.nlm.nih.gov/nucleotide/CP177923.1?report=genbank&log$=nucltop&blast_rank=81&RID=UMA7MZPH016"",""CP177923.1"")"
"Yersinia pestis strain 41003 plasmid pMT1, complete sequence",Yersinia pestis,688,688,99%,0.0,99.21,100979,"=HYPERLINK(""https://www.ncbi.nlm.nih.gov/nucleotide/CP177423.1?report=genbank&log$=nucltop&blast_rank=82&RID=UMA7MZPH016"",""CP177423.1"")"
"Yersinia pestis strain 71038 plasmid pMT1, complete sequence",Yersinia pestis,688,688,100%,0.0,98.96,100984,"=HYPERLINK(""https://www.ncbi.nlm.nih.gov/nucleotide/CP178051.1?report=genbank&log$=nucltop&blast_rank=83&RID=UMA7MZPH016"",""CP178051.1"")"
"Yersinia pestis strain SCPM-O-DNA-18 (I-3113) plasmid pMT, complete sequence",Yersinia pestis,688,688,99%,0.0,99.21,100984,"=HYPERLINK(""https://www.ncbi.nlm.nih.gov/nucleotide/CP045150.1?report=genbank&log$=nucltop&blast_rank=84&RID=UMA7MZPH016"",""CP045150.1"")"
"Yersinia pestis strain 80 plasmid pFra, complete sequence",Yersinia pestis,688,688,99%,0.0,99.21,100910,"=HYPERLINK(""https://www.ncbi.nlm.nih.gov/nucleotide/CP151608.1?report=genbank&log$=nucltop&blast_rank=85&RID=UMA7MZPH016"",""CP151608.1"")"
"Yersinia pestis 1045 plasmid pMT, complete sequence",Yersinia pestis 1045,688,688,100%,0.0,98.96,101706,"=HYPERLINK(""https://www.ncbi.nlm.nih.gov/nucleotide/CP006796.1?report=genbank&log$=nucltop&blast_rank=86&RID=UMA7MZPH016"",""CP006796.1"")"
"Yersinia pestis strain 2115 plasmid pMT1, complete sequence",Yersinia pestis,688,688,99%,0.0,99.21,100989,"=HYPERLINK(""https://www.ncbi.nlm.nih.gov/nucleotide/CP196694.1?report=genbank&log$=nucltop&blast_rank=87&RID=UMA7MZPH016"",""CP196694.1"")"
"Yersinia pestis strain AKS2022HT87_B plasmid pMT1, complete sequence",Yersinia pestis,688,688,99%,0.0,99.21,100691,"=HYPERLINK(""https://www.ncbi.nlm.nih.gov/nucleotide/CP155629.1?report=genbank&log$=nucltop&blast_rank=88&RID=UMA7MZPH016"",""CP155629.1"")"
"Yersinia pestis strain 15020 plasmid pMT1, complete sequence",Yersinia pestis,688,688,100%,0.0,98.96,96210,"=HYPERLINK(""https://www.ncbi.nlm.nih.gov/nucleotide/CP177484.1?report=genbank&log$=nucltop&blast_rank=89&RID=UMA7MZPH016"",""CP177484.1"")"
"Yersinia pestis strain N010084 plasmid pMT1, complete sequence",Yersinia pestis,688,688,100%,0.0,98.96,106663,"=HYPERLINK(""https://www.ncbi.nlm.nih.gov/nucleotide/CP177567.1?report=genbank&log$=nucltop&blast_rank=90&RID=UMA7MZPH016"",""CP177567.1"")"
"Yersinia pestis strain 90028 plasmid pMT1, complete sequence",Yersinia pestis,688,688,100%,0.0,98.96,100990,"=HYPERLINK(""https://www.ncbi.nlm.nih.gov/nucleotide/CP177846.1?report=genbank&log$=nucltop&blast_rank=91&RID=UMA7MZPH016"",""CP177846.1"")"
Yersinia pestis pG8786 plasmid,Yersinia pestis,688,688,99%,0.0,99.21,137036,"=HYPERLINK(""https://www.ncbi.nlm.nih.gov/nucleotide/AJ698720.1?report=genbank&log$=nucltop&blast_rank=92&RID=UMA7MZPH016"",""AJ698720.1"")"
"Yersinia pestis strain 41006 plasmid pMT1, complete sequence",Yersinia pestis,688,688,100%,0.0,98.96,100979,"=HYPERLINK(""https://www.ncbi.nlm.nih.gov/nucleotide/CP177418.1?report=genbank&log$=nucltop&blast_rank=93&RID=UMA7MZPH016"",""CP177418.1"")"
"Yersinia pestis strain 45018 plasmid pMT1, complete sequence",Yersinia pestis,688,688,100%,0.0,98.96,99021,"=HYPERLINK(""https://www.ncbi.nlm.nih.gov/nucleotide/CP177459.1?report=genbank&log$=nucltop&blast_rank=94&RID=UMA7MZPH016"",""CP177459.1"")"
"Yersinia pestis strain 177 plasmid pFra, complete sequence",Yersinia pestis,688,688,100%,0.0,98.96,98951,"=HYPERLINK(""https://www.ncbi.nlm.nih.gov/nucleotide/CP151628.1?report=genbank&log$=nucltop&blast_rank=95&RID=UMA7MZPH016"",""CP151628.1"")"
"Yersinia pestis strain 98008 plasmid pMT1, complete sequence",Yersinia pestis,688,688,100%,0.0,98.96,100632,"=HYPERLINK(""https://www.ncbi.nlm.nih.gov/nucleotide/CP177864.1?report=genbank&log$=nucltop&blast_rank=96&RID=UMA7MZPH016"",""CP177864.1"")"
"Yersinia pestis strain J270009 plasmid pMT1, complete sequence",Yersinia pestis,688,688,100%,0.0,98.96,100915,"=HYPERLINK(""https://www.ncbi.nlm.nih.gov/nucleotide/CP177668.1?report=genbank&log$=nucltop&blast_rank=97&RID=UMA7MZPH016"",""CP177668.1"")"
"Yersinia pestis strain 84030 plasmid pMT1, complete sequence",Yersinia pestis,688,688,99%,0.0,99.21,96045,"=HYPERLINK(""https://www.ncbi.nlm.nih.gov/nucleotide/CP177744.1?report=genbank&log$=nucltop&blast_rank=98&RID=UMA7MZPH016"",""CP177744.1"")"
"Yersinia pestis strain 109 plasmid pMT1, complete sequence",Yersinia pestis,688,688,99%,0.0,99.21,106991,"=HYPERLINK(""https://www.ncbi.nlm.nih.gov/nucleotide/CP196698.1?report=genbank&log$=nucltop&blast_rank=99&RID=UMA7MZPH016"",""CP196698.1"")"
"Yersinia pestis Pestoides F plasmid pMT, complete sequence",Yersinia pestis Pestoides F,688,688,99%,0.0,99.21,136983,"=HYPERLINK(""https://www.ncbi.nlm.nih.gov/nucleotide/CP009714.1?report=genbank&log$=nucltop&blast_rank=100&RID=UMA7MZPH016"",""CP009714.1"")"



		


